"filename", "language", "JavaScript", "JavaScript JSX", "HTML", "SCSS", "PostCSS", "JSON", "Markdown", "XML", "comment", "blank", "total"
"/Users/MacbookProCuaNminh/Desktop/project/oopsdance_fe/.eslintrc.cjs", "JavaScript", 20, 0, 0, 0, 0, 0, 0, 0, 0, 1, 21
"/Users/MacbookProCuaNminh/Desktop/project/oopsdance_fe/README.md", "Markdown", 0, 0, 0, 0, 0, 0, 5, 0, 0, 4, 9
"/Users/MacbookProCuaNminh/Desktop/project/oopsdance_fe/hi.jsx", "JavaScript JSX", 0, 112, 0, 0, 0, 0, 0, 0, 0, 6, 118
"/Users/MacbookProCuaNminh/Desktop/project/oopsdance_fe/index.html", "HTML", 0, 0, 13, 0, 0, 0, 0, 0, 0, 3, 16
"/Users/MacbookProCuaNminh/Desktop/project/oopsdance_fe/package-lock.json", "JSON", 0, 0, 0, 0, 0, 10425, 0, 0, 0, 1, 10426
"/Users/MacbookProCuaNminh/Desktop/project/oopsdance_fe/package.json", "JSON", 0, 0, 0, 0, 0, 47, 0, 0, 0, 1, 48
"/Users/MacbookProCuaNminh/Desktop/project/oopsdance_fe/postcss.config.cjs", "JavaScript", 6, 0, 0, 0, 0, 0, 0, 0, 0, 0, 6
"/Users/MacbookProCuaNminh/Desktop/project/oopsdance_fe/public/vite.svg", "XML", 0, 0, 0, 0, 0, 0, 0, 1, 0, 0, 1
"/Users/MacbookProCuaNminh/Desktop/project/oopsdance_fe/src/App.jsx", "JavaScript JSX", 0, 22, 0, 0, 0, 0, 0, 0, 35, 3, 60
"/Users/MacbookProCuaNminh/Desktop/project/oopsdance_fe/src/AuthContext.jsx", "JavaScript JSX", 0, 66, 0, 0, 0, 0, 0, 0, 0, 11, 77
"/Users/MacbookProCuaNminh/Desktop/project/oopsdance_fe/src/Components/HomePage/Components/Classes/ClassInfo.jsx", "JavaScript JSX", 0, 8, 0, 0, 0, 0, 0, 0, 0, 3, 11
"/Users/MacbookProCuaNminh/Desktop/project/oopsdance_fe/src/Components/HomePage/Components/Classes/Instructor.jsx", "JavaScript JSX", 0, 46, 0, 0, 0, 0, 0, 0, 0, 4, 50
"/Users/MacbookProCuaNminh/Desktop/project/oopsdance_fe/src/Components/HomePage/Components/Classes/TimeTable.jsx", "JavaScript JSX", 0, 143, 0, 0, 0, 0, 0, 0, 3, 8, 154
"/Users/MacbookProCuaNminh/Desktop/project/oopsdance_fe/src/Components/HomePage/Components/Footer/Footer.jsx", "JavaScript JSX", 0, 98, 0, 0, 0, 0, 0, 0, 4, 9, 111
"/Users/MacbookProCuaNminh/Desktop/project/oopsdance_fe/src/Components/HomePage/Components/Home/Home.jsx", "JavaScript JSX", 0, 24, 0, 0, 0, 0, 0, 0, 3, 9, 36
"/Users/MacbookProCuaNminh/Desktop/project/oopsdance_fe/src/Components/HomePage/Components/Info/Info.jsx", "JavaScript JSX", 0, 44, 0, 0, 0, 0, 0, 0, 6, 11, 61
"/Users/MacbookProCuaNminh/Desktop/project/oopsdance_fe/src/Components/HomePage/Components/Intro/Intro.jsx", "JavaScript JSX", 0, 60, 0, 0, 0, 0, 0, 0, 3, 15, 78
"/Users/MacbookProCuaNminh/Desktop/project/oopsdance_fe/src/Components/HomePage/Components/NavBar/AvatarUser.jsx", "JavaScript JSX", 0, 133, 0, 0, 0, 0, 0, 0, 0, 12, 145
"/Users/MacbookProCuaNminh/Desktop/project/oopsdance_fe/src/Components/HomePage/Components/NavBar/Navbar.jsx", "JavaScript JSX", 0, 75, 0, 0, 0, 0, 0, 0, 1, 14, 90
"/Users/MacbookProCuaNminh/Desktop/project/oopsdance_fe/src/Components/HomePage/Components/Participants/Participants.jsx", "JavaScript JSX", 0, 67, 0, 0, 0, 0, 0, 0, 6, 16, 89
"/Users/MacbookProCuaNminh/Desktop/project/oopsdance_fe/src/Components/HomePage/Components/Rooms/Rooms.jsx", "JavaScript JSX", 0, 152, 0, 0, 0, 0, 0, 0, 5, 30, 187
"/Users/MacbookProCuaNminh/Desktop/project/oopsdance_fe/src/Components/HomePage/Components/Search/Search.jsx", "JavaScript JSX", 0, 361, 0, 0, 0, 0, 0, 0, 10, 43, 414
"/Users/MacbookProCuaNminh/Desktop/project/oopsdance_fe/src/Components/HomePage/Components/Subscribers/Subscribers.jsx", "JavaScript JSX", 0, 20, 0, 0, 0, 0, 0, 0, 2, 5, 27
"/Users/MacbookProCuaNminh/Desktop/project/oopsdance_fe/src/Components/HomePage/Components/Support/Support.jsx", "JavaScript JSX", 0, 50, 0, 0, 0, 0, 0, 0, 4, 12, 66
"/Users/MacbookProCuaNminh/Desktop/project/oopsdance_fe/src/Components/HomePage/HomePage.jsx", "JavaScript JSX", 0, 50, 0, 0, 0, 0, 0, 0, 0, 5, 55
"/Users/MacbookProCuaNminh/Desktop/project/oopsdance_fe/src/Components/Login/Login.jsx", "JavaScript JSX", 0, 124, 0, 0, 0, 0, 0, 0, 3, 11, 138
"/Users/MacbookProCuaNminh/Desktop/project/oopsdance_fe/src/Components/Logout/LogoutButton.jsx", "JavaScript JSX", 0, 15, 0, 0, 0, 0, 0, 0, 0, 5, 20
"/Users/MacbookProCuaNminh/Desktop/project/oopsdance_fe/src/Components/Register/Register.jsx", "JavaScript JSX", 0, 93, 0, 0, 0, 0, 0, 0, 8, 21, 122
"/Users/MacbookProCuaNminh/Desktop/project/oopsdance_fe/src/Components/SmallTable/SmallTableTemplate.jsx", "JavaScript JSX", 0, 107, 0, 0, 0, 0, 0, 0, 0, 10, 117
"/Users/MacbookProCuaNminh/Desktop/project/oopsdance_fe/src/Components/Table/CheckIcon.jsx", "JavaScript JSX", 0, 30, 0, 0, 0, 0, 0, 0, 0, 1, 31
"/Users/MacbookProCuaNminh/Desktop/project/oopsdance_fe/src/Components/Table/ChevronDownIcon.jsx", "JavaScript JSX", 0, 22, 0, 0, 0, 0, 0, 0, 0, 1, 23
"/Users/MacbookProCuaNminh/Desktop/project/oopsdance_fe/src/Components/Table/CrossIcon.jsx", "JavaScript JSX", 0, 21, 0, 0, 0, 0, 0, 0, 0, 1, 22
"/Users/MacbookProCuaNminh/Desktop/project/oopsdance_fe/src/Components/Table/DeleteIcon.jsx", "JavaScript JSX", 0, 49, 0, 0, 0, 0, 0, 0, 0, 1, 50
"/Users/MacbookProCuaNminh/Desktop/project/oopsdance_fe/src/Components/Table/EditIcon.jsx", "JavaScript JSX", 0, 38, 0, 0, 0, 0, 0, 0, 0, 1, 39
"/Users/MacbookProCuaNminh/Desktop/project/oopsdance_fe/src/Components/Table/EyeIcon.jsx", "JavaScript JSX", 0, 28, 0, 0, 0, 0, 0, 0, 0, 1, 29
"/Users/MacbookProCuaNminh/Desktop/project/oopsdance_fe/src/Components/Table/PlusIcon.jsx", "JavaScript JSX", 0, 24, 0, 0, 0, 0, 0, 0, 0, 1, 25
"/Users/MacbookProCuaNminh/Desktop/project/oopsdance_fe/src/Components/Table/SearchIcon.jsx", "JavaScript JSX", 0, 28, 0, 0, 0, 0, 0, 0, 0, 1, 29
"/Users/MacbookProCuaNminh/Desktop/project/oopsdance_fe/src/Components/Table/TableTemplate.css", "PostCSS", 0, 0, 0, 0, 33, 0, 0, 0, 0, 1, 34
"/Users/MacbookProCuaNminh/Desktop/project/oopsdance_fe/src/Components/Table/TableTemplate.jsx", "JavaScript JSX", 0, 447, 0, 0, 0, 0, 0, 0, 12, 35, 494
"/Users/MacbookProCuaNminh/Desktop/project/oopsdance_fe/src/Components/Table/TableTemplate.scss", "SCSS", 0, 0, 0, 33, 0, 0, 0, 0, 1, 4, 38
"/Users/MacbookProCuaNminh/Desktop/project/oopsdance_fe/src/Components/Table/VerticalDotsIcon.jsx", "JavaScript JSX", 0, 18, 0, 0, 0, 0, 0, 0, 0, 1, 19
"/Users/MacbookProCuaNminh/Desktop/project/oopsdance_fe/src/Components/Table/data.js", "JavaScript", 219, 0, 0, 0, 0, 0, 0, 0, 0, 4, 223
"/Users/MacbookProCuaNminh/Desktop/project/oopsdance_fe/src/Components/Table/utils.js", "JavaScript", 4, 0, 0, 0, 0, 0, 0, 0, 0, 1, 5
"/Users/MacbookProCuaNminh/Desktop/project/oopsdance_fe/src/Components/Users/Admin & Staff/Admin.jsx", "JavaScript JSX", 0, 12, 0, 0, 0, 0, 0, 0, 0, 2, 14
"/Users/MacbookProCuaNminh/Desktop/project/oopsdance_fe/src/Components/Users/Admin & Staff/Components/Body Section/Attendance/Attendance.css", "PostCSS", 0, 0, 0, 0, 30, 0, 0, 0, 0, 1, 31
"/Users/MacbookProCuaNminh/Desktop/project/oopsdance_fe/src/Components/Users/Admin & Staff/Components/Body Section/Attendance/Attendance.jsx", "JavaScript JSX", 0, 12, 0, 0, 0, 0, 0, 0, 0, 2, 14
"/Users/MacbookProCuaNminh/Desktop/project/oopsdance_fe/src/Components/Users/Admin & Staff/Components/Body Section/Attendance/Attendance.scss", "SCSS", 0, 0, 0, 30, 0, 0, 0, 0, 1, 3, 34
"/Users/MacbookProCuaNminh/Desktop/project/oopsdance_fe/src/Components/Users/Admin & Staff/Components/Body Section/Attendance/Components/AttendanceChart.jsx", "JavaScript JSX", 0, 157, 0, 0, 0, 0, 0, 0, 2, 19, 178
"/Users/MacbookProCuaNminh/Desktop/project/oopsdance_fe/src/Components/Users/Admin & Staff/Components/Body Section/Attendance/Components/AttendanceList.jsx", "JavaScript JSX", 0, 255, 0, 0, 0, 0, 0, 0, 0, 20, 275
"/Users/MacbookProCuaNminh/Desktop/project/oopsdance_fe/src/Components/Users/Admin & Staff/Components/Body Section/Body.jsx", "JavaScript JSX", 0, 29, 0, 0, 0, 0, 0, 0, 0, 4, 33
"/Users/MacbookProCuaNminh/Desktop/project/oopsdance_fe/src/Components/Users/Admin & Staff/Components/Body Section/Booking Manager/BookingsManager.jsx", "JavaScript JSX", 0, 11, 0, 0, 0, 0, 0, 0, 0, 2, 13
"/Users/MacbookProCuaNminh/Desktop/project/oopsdance_fe/src/Components/Users/Admin & Staff/Components/Body Section/Booking Manager/Components/BookingList/AddBookingForm.jsx", "JavaScript JSX", 0, 122, 0, 0, 0, 0, 0, 0, 0, 6, 128
"/Users/MacbookProCuaNminh/Desktop/project/oopsdance_fe/src/Components/Users/Admin & Staff/Components/Body Section/Booking Manager/Components/BookingList/BookingList.jsx", "JavaScript JSX", 0, 143, 0, 0, 0, 0, 0, 0, 0, 13, 156
"/Users/MacbookProCuaNminh/Desktop/project/oopsdance_fe/src/Components/Users/Admin & Staff/Components/Body Section/Booking Manager/Components/BookingList/EditBookingForm.jsx", "JavaScript JSX", 0, 138, 0, 0, 0, 0, 0, 0, 0, 7, 145
"/Users/MacbookProCuaNminh/Desktop/project/oopsdance_fe/src/Components/Users/Admin & Staff/Components/Body Section/Booking Manager/bookingsManager.css", "PostCSS", 0, 0, 0, 0, 158, 0, 0, 0, 0, 1, 159
"/Users/MacbookProCuaNminh/Desktop/project/oopsdance_fe/src/Components/Users/Admin & Staff/Components/Body Section/Booking Manager/bookingsManager.scss", "SCSS", 0, 0, 0, 167, 0, 0, 0, 0, 1, 34, 202
"/Users/MacbookProCuaNminh/Desktop/project/oopsdance_fe/src/Components/Users/Admin & Staff/Components/Body Section/Charts/Charts.jsx", "JavaScript JSX", 0, 12, 0, 0, 0, 0, 0, 0, 0, 2, 14
"/Users/MacbookProCuaNminh/Desktop/project/oopsdance_fe/src/Components/Users/Admin & Staff/Components/Body Section/Charts/Components/BookingChart.jsx", "JavaScript JSX", 0, 172, 0, 0, 0, 0, 0, 0, 0, 14, 186
"/Users/MacbookProCuaNminh/Desktop/project/oopsdance_fe/src/Components/Users/Admin & Staff/Components/Body Section/Charts/Components/ClassChart.jsx", "JavaScript JSX", 0, 77, 0, 0, 0, 0, 0, 0, 1, 9, 87
"/Users/MacbookProCuaNminh/Desktop/project/oopsdance_fe/src/Components/Users/Admin & Staff/Components/Body Section/Class Manager/ClassManager.css", "PostCSS", 0, 0, 0, 0, 130, 0, 0, 0, 0, 1, 131
"/Users/MacbookProCuaNminh/Desktop/project/oopsdance_fe/src/Components/Users/Admin & Staff/Components/Body Section/Class Manager/ClassManager.jsx", "JavaScript JSX", 0, 12, 0, 0, 0, 0, 0, 0, 1, 3, 16
"/Users/MacbookProCuaNminh/Desktop/project/oopsdance_fe/src/Components/Users/Admin & Staff/Components/Body Section/Class Manager/ClassManager.scss", "SCSS", 0, 0, 0, 136, 0, 0, 0, 0, 2, 27, 165
"/Users/MacbookProCuaNminh/Desktop/project/oopsdance_fe/src/Components/Users/Admin & Staff/Components/Body Section/Class Manager/Components/Classes/AddClassForm.jsx", "JavaScript JSX", 0, 176, 0, 0, 0, 0, 0, 0, 24, 10, 210
"/Users/MacbookProCuaNminh/Desktop/project/oopsdance_fe/src/Components/Users/Admin & Staff/Components/Body Section/Class Manager/Components/Classes/ChangeClassImageForm.jsx", "JavaScript JSX", 0, 69, 0, 0, 0, 0, 0, 0, 22, 6, 97
"/Users/MacbookProCuaNminh/Desktop/project/oopsdance_fe/src/Components/Users/Admin & Staff/Components/Body Section/Class Manager/Components/Classes/ClassList.jsx", "JavaScript JSX", 0, 168, 0, 0, 0, 0, 0, 0, 8, 29, 205
"/Users/MacbookProCuaNminh/Desktop/project/oopsdance_fe/src/Components/Users/Admin & Staff/Components/Body Section/Class Manager/Components/Classes/EditClassForm.jsx", "JavaScript JSX", 0, 213, 0, 0, 0, 0, 0, 0, 0, 15, 228
"/Users/MacbookProCuaNminh/Desktop/project/oopsdance_fe/src/Components/Users/Admin & Staff/Components/Body Section/Class Manager/Components/Schedules/AddScheduleForm.jsx", "JavaScript JSX", 0, 124, 0, 0, 0, 0, 0, 0, 0, 10, 134
"/Users/MacbookProCuaNminh/Desktop/project/oopsdance_fe/src/Components/Users/Admin & Staff/Components/Body Section/Class Manager/Components/Schedules/EditScheduleForm.jsx", "JavaScript JSX", 0, 138, 0, 0, 0, 0, 0, 0, 0, 11, 149
"/Users/MacbookProCuaNminh/Desktop/project/oopsdance_fe/src/Components/Users/Admin & Staff/Components/Body Section/Class Manager/Components/Schedules/Schedule.jsx", "JavaScript JSX", 0, 94, 0, 0, 0, 0, 0, 0, 0, 11, 105
"/Users/MacbookProCuaNminh/Desktop/project/oopsdance_fe/src/Components/Users/Admin & Staff/Components/Body Section/Main Body/Activity Section/Activity.jsx", "JavaScript JSX", 0, 83, 0, 0, 0, 0, 0, 0, 2, 8, 93
"/Users/MacbookProCuaNminh/Desktop/project/oopsdance_fe/src/Components/Users/Admin & Staff/Components/Body Section/Main Body/Activity Section/activity.css", "PostCSS", 0, 0, 0, 0, 106, 0, 0, 0, 0, 1, 107
"/Users/MacbookProCuaNminh/Desktop/project/oopsdance_fe/src/Components/Users/Admin & Staff/Components/Body Section/Main Body/Activity Section/activity.scss", "SCSS", 0, 0, 0, 105, 0, 0, 0, 0, 1, 17, 123
"/Users/MacbookProCuaNminh/Desktop/project/oopsdance_fe/src/Components/Users/Admin & Staff/Components/Body Section/Main Body/Listing Section/Listing.jsx", "JavaScript JSX", 0, 69, 0, 0, 0, 0, 0, 0, 2, 20, 91
"/Users/MacbookProCuaNminh/Desktop/project/oopsdance_fe/src/Components/Users/Admin & Staff/Components/Body Section/Main Body/Listing Section/listing.css", "PostCSS", 0, 0, 0, 0, 157, 0, 0, 0, 0, 1, 158
"/Users/MacbookProCuaNminh/Desktop/project/oopsdance_fe/src/Components/Users/Admin & Staff/Components/Body Section/Main Body/Listing Section/listing.scss", "SCSS", 0, 0, 0, 163, 0, 0, 0, 0, 3, 32, 198
"/Users/MacbookProCuaNminh/Desktop/project/oopsdance_fe/src/Components/Users/Admin & Staff/Components/Body Section/Main Body/MainBody.jsx", "JavaScript JSX", 0, 16, 0, 0, 0, 0, 0, 0, 0, 3, 19
"/Users/MacbookProCuaNminh/Desktop/project/oopsdance_fe/src/Components/Users/Admin & Staff/Components/Body Section/Main Body/Top Section/Top.jsx", "JavaScript JSX", 0, 79, 0, 0, 0, 0, 0, 0, 7, 26, 112
"/Users/MacbookProCuaNminh/Desktop/project/oopsdance_fe/src/Components/Users/Admin & Staff/Components/Body Section/Main Body/Top Section/top.css", "PostCSS", 0, 0, 0, 0, 329, 0, 0, 0, 0, 2, 331
"/Users/MacbookProCuaNminh/Desktop/project/oopsdance_fe/src/Components/Users/Admin & Staff/Components/Body Section/Main Body/Top Section/top.scss", "SCSS", 0, 0, 0, 347, 0, 0, 0, 0, 10, 73, 430
"/Users/MacbookProCuaNminh/Desktop/project/oopsdance_fe/src/Components/Users/Admin & Staff/Components/Body Section/Main Body/main_body.css", "PostCSS", 0, 0, 0, 0, 10, 0, 0, 0, 0, 1, 11
"/Users/MacbookProCuaNminh/Desktop/project/oopsdance_fe/src/Components/Users/Admin & Staff/Components/Body Section/Main Body/main_body.scss", "SCSS", 0, 0, 0, 12, 0, 0, 0, 0, 1, 3, 16
"/Users/MacbookProCuaNminh/Desktop/project/oopsdance_fe/src/Components/Users/Admin & Staff/Components/Body Section/Room Manager/Components/EditForm.jsx", "JavaScript JSX", 0, 99, 0, 0, 0, 0, 0, 0, 0, 9, 108
"/Users/MacbookProCuaNminh/Desktop/project/oopsdance_fe/src/Components/Users/Admin & Staff/Components/Body Section/Room Manager/Components/RoomDetails.jsx", "JavaScript JSX", 0, 83, 0, 0, 0, 0, 0, 0, 1, 14, 98
"/Users/MacbookProCuaNminh/Desktop/project/oopsdance_fe/src/Components/Users/Admin & Staff/Components/Body Section/Room Manager/RoomManager.css", "PostCSS", 0, 0, 0, 0, 33, 0, 0, 0, 0, 1, 34
"/Users/MacbookProCuaNminh/Desktop/project/oopsdance_fe/src/Components/Users/Admin & Staff/Components/Body Section/Room Manager/RoomManager.jsx", "JavaScript JSX", 0, 11, 0, 0, 0, 0, 0, 0, 0, 2, 13
"/Users/MacbookProCuaNminh/Desktop/project/oopsdance_fe/src/Components/Users/Admin & Staff/Components/Body Section/Room Manager/RoomManager.scss", "SCSS", 0, 0, 0, 35, 0, 0, 0, 0, 1, 4, 40
"/Users/MacbookProCuaNminh/Desktop/project/oopsdance_fe/src/Components/Users/Admin & Staff/Components/Body Section/Students/Components/AddStudentForm.jsx", "JavaScript JSX", 0, 142, 0, 0, 0, 0, 0, 0, 4, 9, 155
"/Users/MacbookProCuaNminh/Desktop/project/oopsdance_fe/src/Components/Users/Admin & Staff/Components/Body Section/Students/Components/StudentAttendance.jsx", "JavaScript JSX", 0, 154, 0, 0, 0, 0, 0, 0, 6, 14, 174
"/Users/MacbookProCuaNminh/Desktop/project/oopsdance_fe/src/Components/Users/Admin & Staff/Components/Body Section/Students/Components/StudentList.jsx", "JavaScript JSX", 0, 170, 0, 0, 0, 0, 0, 0, 1, 14, 185
"/Users/MacbookProCuaNminh/Desktop/project/oopsdance_fe/src/Components/Users/Admin & Staff/Components/Body Section/Students/Students.jsx", "JavaScript JSX", 0, 12, 0, 0, 0, 0, 0, 0, 0, 2, 14
"/Users/MacbookProCuaNminh/Desktop/project/oopsdance_fe/src/Components/Users/Admin & Staff/Components/Body Section/User Manager/Components/AllUsers.jsx", "JavaScript JSX", 0, 109, 0, 0, 0, 0, 0, 0, 3, 12, 124
"/Users/MacbookProCuaNminh/Desktop/project/oopsdance_fe/src/Components/Users/Admin & Staff/Components/Body Section/User Manager/Components/EditUserForm.jsx", "JavaScript JSX", 0, 147, 0, 0, 0, 0, 0, 0, 11, 10, 168
"/Users/MacbookProCuaNminh/Desktop/project/oopsdance_fe/src/Components/Users/Admin & Staff/Components/Body Section/User Manager/UserManager.jsx", "JavaScript JSX", 0, 10, 0, 0, 0, 0, 0, 0, 0, 2, 12
"/Users/MacbookProCuaNminh/Desktop/project/oopsdance_fe/src/Components/Users/Admin & Staff/Components/Body Section/body.css", "PostCSS", 0, 0, 0, 0, 41, 0, 0, 0, 0, 1, 42
"/Users/MacbookProCuaNminh/Desktop/project/oopsdance_fe/src/Components/Users/Admin & Staff/Components/Body Section/body.scss", "SCSS", 0, 0, 0, 41, 0, 0, 0, 0, 13, 5, 59
"/Users/MacbookProCuaNminh/Desktop/project/oopsdance_fe/src/Components/Users/Admin & Staff/Components/SideBar Section/SideBar.jsx", "JavaScript JSX", 0, 126, 0, 0, 0, 0, 0, 0, 19, 24, 169
"/Users/MacbookProCuaNminh/Desktop/project/oopsdance_fe/src/Components/Users/Admin & Staff/Components/SideBar Section/sidebar.css", "PostCSS", 0, 0, 0, 0, 219, 0, 0, 0, 0, 2, 221
"/Users/MacbookProCuaNminh/Desktop/project/oopsdance_fe/src/Components/Users/Admin & Staff/Components/SideBar Section/sidebar.scss", "SCSS", 0, 0, 0, 228, 0, 0, 0, 0, 2, 48, 278
"/Users/MacbookProCuaNminh/Desktop/project/oopsdance_fe/src/Components/Users/Instructor & Guest/Components/Body Section/Body.jsx", "JavaScript JSX", 0, 32, 0, 0, 0, 0, 0, 0, 1, 7, 40
"/Users/MacbookProCuaNminh/Desktop/project/oopsdance_fe/src/Components/Users/Instructor & Guest/Components/Body Section/Components/Attendance/Attendance.jsx", "JavaScript JSX", 0, 166, 0, 0, 0, 0, 0, 0, 2, 24, 192
"/Users/MacbookProCuaNminh/Desktop/project/oopsdance_fe/src/Components/Users/Instructor & Guest/Components/Body Section/Components/Attendance/CheckinForm.jsx", "JavaScript JSX", 0, 90, 0, 0, 0, 0, 0, 0, 21, 8, 119
"/Users/MacbookProCuaNminh/Desktop/project/oopsdance_fe/src/Components/Users/Instructor & Guest/Components/Body Section/Components/Attendance/CheckoutForm.jsx", "JavaScript JSX", 0, 88, 0, 0, 0, 0, 0, 0, 21, 7, 116
"/Users/MacbookProCuaNminh/Desktop/project/oopsdance_fe/src/Components/Users/Instructor & Guest/Components/Body Section/Components/Attendance/attendance.css", "PostCSS", 0, 0, 0, 0, 199, 0, 0, 0, 0, 2, 201
"/Users/MacbookProCuaNminh/Desktop/project/oopsdance_fe/src/Components/Users/Instructor & Guest/Components/Body Section/Components/Attendance/attendance.scss", "SCSS", 0, 0, 0, 206, 0, 0, 0, 0, 1, 44, 251
"/Users/MacbookProCuaNminh/Desktop/project/oopsdance_fe/src/Components/Users/Instructor & Guest/Components/Body Section/Components/Main Body/Activity Section/Activity.jsx", "JavaScript JSX", 0, 83, 0, 0, 0, 0, 0, 0, 2, 8, 93
"/Users/MacbookProCuaNminh/Desktop/project/oopsdance_fe/src/Components/Users/Instructor & Guest/Components/Body Section/Components/Main Body/Activity Section/activity.css", "PostCSS", 0, 0, 0, 0, 102, 0, 0, 0, 0, 1, 103
"/Users/MacbookProCuaNminh/Desktop/project/oopsdance_fe/src/Components/Users/Instructor & Guest/Components/Body Section/Components/Main Body/Activity Section/activity.scss", "SCSS", 0, 0, 0, 101, 0, 0, 0, 0, 1, 18, 120
"/Users/MacbookProCuaNminh/Desktop/project/oopsdance_fe/src/Components/Users/Instructor & Guest/Components/Body Section/Components/Main Body/Listing Section/Listing.jsx", "JavaScript JSX", 0, 88, 0, 0, 0, 0, 0, 0, 2, 24, 114
"/Users/MacbookProCuaNminh/Desktop/project/oopsdance_fe/src/Components/Users/Instructor & Guest/Components/Body Section/Components/Main Body/Listing Section/listing.css", "PostCSS", 0, 0, 0, 0, 154, 0, 0, 0, 0, 1, 155
"/Users/MacbookProCuaNminh/Desktop/project/oopsdance_fe/src/Components/Users/Instructor & Guest/Components/Body Section/Components/Main Body/Listing Section/listing.scss", "SCSS", 0, 0, 0, 160, 0, 0, 0, 0, 2, 33, 195
"/Users/MacbookProCuaNminh/Desktop/project/oopsdance_fe/src/Components/Users/Instructor & Guest/Components/Body Section/Components/Main Body/MainBody.jsx", "JavaScript JSX", 0, 16, 0, 0, 0, 0, 0, 0, 2, 2, 20
"/Users/MacbookProCuaNminh/Desktop/project/oopsdance_fe/src/Components/Users/Instructor & Guest/Components/Body Section/Components/Main Body/Profile Section/Profile.css", "PostCSS", 0, 0, 0, 0, 43, 0, 0, 0, 0, 1, 44
"/Users/MacbookProCuaNminh/Desktop/project/oopsdance_fe/src/Components/Users/Instructor & Guest/Components/Body Section/Components/Main Body/Profile Section/Profile.jsx", "JavaScript JSX", 0, 21, 0, 0, 0, 0, 0, 0, 0, 5, 26
"/Users/MacbookProCuaNminh/Desktop/project/oopsdance_fe/src/Components/Users/Instructor & Guest/Components/Body Section/Components/Main Body/Profile Section/Profile.scss", "SCSS", 0, 0, 0, 43, 0, 0, 0, 0, 1, 5, 49
"/Users/MacbookProCuaNminh/Desktop/project/oopsdance_fe/src/Components/Users/Instructor & Guest/Components/Body Section/Components/Main Body/Top Section/Top.jsx", "JavaScript JSX", 0, 119, 0, 0, 0, 0, 0, 0, 13, 36, 168
"/Users/MacbookProCuaNminh/Desktop/project/oopsdance_fe/src/Components/Users/Instructor & Guest/Components/Body Section/Components/Main Body/Top Section/top.css", "PostCSS", 0, 0, 0, 0, 337, 0, 0, 0, 0, 2, 339
"/Users/MacbookProCuaNminh/Desktop/project/oopsdance_fe/src/Components/Users/Instructor & Guest/Components/Body Section/Components/Main Body/Top Section/top.scss", "SCSS", 0, 0, 0, 352, 0, 0, 0, 0, 2, 72, 426
"/Users/MacbookProCuaNminh/Desktop/project/oopsdance_fe/src/Components/Users/Instructor & Guest/Components/Body Section/Components/Main Body/main_body.css", "PostCSS", 0, 0, 0, 0, 10, 0, 0, 0, 0, 1, 11
"/Users/MacbookProCuaNminh/Desktop/project/oopsdance_fe/src/Components/Users/Instructor & Guest/Components/Body Section/Components/Main Body/main_body.scss", "SCSS", 0, 0, 0, 12, 0, 0, 0, 0, 1, 3, 16
"/Users/MacbookProCuaNminh/Desktop/project/oopsdance_fe/src/Components/Users/Instructor & Guest/Components/Body Section/Components/My Bookings/MyBookings.css", "PostCSS", 0, 0, 0, 0, 101, 0, 0, 0, 0, 1, 102
"/Users/MacbookProCuaNminh/Desktop/project/oopsdance_fe/src/Components/Users/Instructor & Guest/Components/Body Section/Components/My Bookings/MyBookings.jsx", "JavaScript JSX", 0, 188, 0, 0, 0, 0, 0, 0, 1, 18, 207
"/Users/MacbookProCuaNminh/Desktop/project/oopsdance_fe/src/Components/Users/Instructor & Guest/Components/Body Section/Components/My Bookings/MyBookings.scss", "SCSS", 0, 0, 0, 108, 0, 0, 0, 0, 1, 19, 128
"/Users/MacbookProCuaNminh/Desktop/project/oopsdance_fe/src/Components/Users/Instructor & Guest/Components/Body Section/Components/My Classes - Instructor/MyClasses.css", "PostCSS", 0, 0, 0, 0, 116, 0, 0, 0, 0, 1, 117
"/Users/MacbookProCuaNminh/Desktop/project/oopsdance_fe/src/Components/Users/Instructor & Guest/Components/Body Section/Components/My Classes - Instructor/MyClasses.jsx", "JavaScript JSX", 0, 100, 0, 0, 0, 0, 0, 0, 2, 10, 112
"/Users/MacbookProCuaNminh/Desktop/project/oopsdance_fe/src/Components/Users/Instructor & Guest/Components/Body Section/Components/My Classes - Instructor/MyClasses.scss", "SCSS", 0, 0, 0, 125, 0, 0, 0, 0, 1, 24, 150
"/Users/MacbookProCuaNminh/Desktop/project/oopsdance_fe/src/Components/Users/Instructor & Guest/Components/Body Section/Components/My Classess - Guest/MyClasses.css", "PostCSS", 0, 0, 0, 0, 116, 0, 0, 0, 0, 1, 117
"/Users/MacbookProCuaNminh/Desktop/project/oopsdance_fe/src/Components/Users/Instructor & Guest/Components/Body Section/Components/My Classess - Guest/MyClasses.jsx", "JavaScript JSX", 0, 117, 0, 0, 0, 0, 0, 0, 2, 11, 130
"/Users/MacbookProCuaNminh/Desktop/project/oopsdance_fe/src/Components/Users/Instructor & Guest/Components/Body Section/Components/My Classess - Guest/MyClasses.scss", "SCSS", 0, 0, 0, 125, 0, 0, 0, 0, 1, 24, 150
"/Users/MacbookProCuaNminh/Desktop/project/oopsdance_fe/src/Components/Users/Instructor & Guest/Components/Body Section/Components/My Classess - Guest/StudentChart.jsx", "JavaScript JSX", 0, 144, 0, 0, 0, 0, 0, 0, 3, 24, 171
"/Users/MacbookProCuaNminh/Desktop/project/oopsdance_fe/src/Components/Users/Instructor & Guest/Components/Body Section/Components/Setting/Setting.jsx", "JavaScript JSX", 0, 88, 0, 0, 0, 0, 0, 0, 4, 9, 101
"/Users/MacbookProCuaNminh/Desktop/project/oopsdance_fe/src/Components/Users/Instructor & Guest/Components/Body Section/Components/Setting/setting.css", "PostCSS", 0, 0, 0, 0, 26, 0, 0, 0, 0, 0, 26
"/Users/MacbookProCuaNminh/Desktop/project/oopsdance_fe/src/Components/Users/Instructor & Guest/Components/Body Section/Components/Setting/setting.scss", "SCSS", 0, 0, 0, 27, 0, 0, 0, 0, 0, 2, 29
"/Users/MacbookProCuaNminh/Desktop/project/oopsdance_fe/src/Components/Users/Instructor & Guest/Components/Body Section/body.css", "PostCSS", 0, 0, 0, 0, 25, 0, 0, 0, 0, 0, 25
"/Users/MacbookProCuaNminh/Desktop/project/oopsdance_fe/src/Components/Users/Instructor & Guest/Components/Body Section/body.scss", "SCSS", 0, 0, 0, 24, 0, 0, 0, 0, 0, 2, 26
"/Users/MacbookProCuaNminh/Desktop/project/oopsdance_fe/src/Components/Users/Instructor & Guest/Components/SideBar Section/SideBar.jsx", "JavaScript JSX", 0, 113, 0, 0, 0, 0, 0, 0, 10, 25, 148
"/Users/MacbookProCuaNminh/Desktop/project/oopsdance_fe/src/Components/Users/Instructor & Guest/Components/SideBar Section/sidebar.css", "PostCSS", 0, 0, 0, 0, 220, 0, 0, 0, 0, 2, 222
"/Users/MacbookProCuaNminh/Desktop/project/oopsdance_fe/src/Components/Users/Instructor & Guest/Components/SideBar Section/sidebar.scss", "SCSS", 0, 0, 0, 229, 0, 0, 0, 0, 2, 48, 279
"/Users/MacbookProCuaNminh/Desktop/project/oopsdance_fe/src/Components/Users/Instructor & Guest/Instructor.jsx", "JavaScript JSX", 0, 12, 0, 0, 0, 0, 0, 0, 0, 2, 14
"/Users/MacbookProCuaNminh/Desktop/project/oopsdance_fe/src/axiosConfig.js", "JavaScript", 14, 0, 0, 0, 0, 0, 0, 0, 0, 3, 17
"/Users/MacbookProCuaNminh/Desktop/project/oopsdance_fe/src/main.css", "PostCSS", 0, 0, 0, 0, 1766, 0, 0, 0, 0, 38, 1804
"/Users/MacbookProCuaNminh/Desktop/project/oopsdance_fe/src/main.jsx", "JavaScript JSX", 0, 12, 0, 0, 0, 0, 0, 0, 0, 2, 14
"/Users/MacbookProCuaNminh/Desktop/project/oopsdance_fe/src/main.scss", "SCSS", 0, 0, 0, 1899, 0, 0, 0, 0, 102, 449, 2450
"/Users/MacbookProCuaNminh/Desktop/project/oopsdance_fe/tailwind.config.cjs", "JavaScript", 18, 0, 0, 0, 0, 0, 0, 0, 5, 2, 25
"/Users/MacbookProCuaNminh/Desktop/project/oopsdance_fe/vite.config.js", "JavaScript", 5, 0, 0, 0, 0, 0, 0, 0, 1, 2, 8
"Total", "-", 286, 7496, 13, 4708, 4461, 10472, 5, 1, 462, 1972, 29876